69908930,GLACE GTD CLIO X65
69908940,GLACE DTD CLIO X65
69928010,GLACE G EUR AUDI A499
69928020,GLACE D EUR AUDI A499
69929370,GLACE G USA AUDI A499
69929380,GLACE D USA AUDI A499
69937610,GLACE AUDI B6 G VERNI
69937620,GLACE AUDI B6 D VERNI
69938670,GLACE S04 G
69938680,GLACE S04 D
89002387,GLACE D J64/2
89002388,GLACE G J64/2
89002643,GLACE T1 HG-R DROIT VERNI
89002644,GLACE T1 HG-R GAUCHE VERN
89004815,GLACE 607 Z8 D VERNI
89004816,GLACE 607 Z8 G VERNI
89006531,GLACE V5 G VERNI
89006532,GLACE V5 D VERNI
89007775,GLACE YARIS/1 G RCE
89007776,GLACE YARIS/1 D RCE
89007973,GLACE YARIS/1 G VS
89007974,GLACE YARIS/1 D VS
89008115,X76RS GLACE D VERN INT US
89008116,X76RS GLACE G VERN INT US
89009317,GLACE VERNI C4B5 D
89009318,GLACE VERNI C4B5 G
89024956,GLACE VERNIE D V2/807 ZZ10
89026270,GLACE VERNIE G V2/807 ZZ10
89024939,GLACE VERNIE V3/C8 D ZZ6
89026400,GLACE VERNIE G V3/C8 ZZ6
89029862,GLACE VERNIE D A08/1007 ZZ10
89029863,GLACE VERNIE G A08/1007 ZZ10
89032250,GLACE VERNIE G X74RS/LAG. ZZ5
89032251,GLACE VERNIE D X74RS/LAG. ZZ5
89037131,GLACE VERNIE G X11E/NOTE ZZ4
89037132,GLACE VERNIE D X11E/NOTE ZZ4
89037542,GLACE VERNIE D 316W/YARIS ZZ5
89037543,GLACE VERNIE G 316W/YARIS ZZ5
89039113,GLACE VERNIE D 345W BG
89039114,GLACE VERNIE G 345W BG
89040051,GLACE VERNIE G X3/C5 ZZ10
89040052,GLACE VERNIE D X3/C5 ZZ10
89045800,GLACE VERNIE D A7 ZZ5
89045801,GLACE VERNIE G A7 ZZ6
89076299,GLACE VERNIE G Y413/XC60
89076300,GLACE VERNIE D Y413/XC60
89078288,GLACE VERNIE G X85PH2
89078289,GLACE VERNIE D X85PH2
89084800,GLACE VERNIE D T84
89084801,GLACE VERNIE G T84
89088800,GLACE VERNIE D W2
89088801,GLACE VERNIE G W2
89091320,GLACE VERNIE D V4
89091321,GLACE VERNIE G V4
89210328,GLACE D VERNIE CROSSFIRE ZH29
89210329,GLACE G VERNIE CROSSFIRE ZH29
89390853,GLACE VECTRA G
89390854,GLACE VECTRA D
89391377,Glace PEK4400 G
89391378,Glace PEK4400 D
89502787,GLACE VERNIE G Y283
89502794,GLACE VERNIE D Y283
89900203,GLACE COROLLA 340N D
89900204,GLACE COROLLA 340N G
89900843,GLACE D X74 PH1 VERNIE
89900844,GLACE G X74 PH1 VERNIE
89901113,GLACE SB602 G EUR
89901114,GLACE SB602 D EUR
89901115,GLACE SB602 G USA
89901116,GLACE SB602 D USA
89901117,GLACE SB602 LAD G USA
89901118,GLACE SB602 LAD D USA
89901186,GLACE PLASTIQUE YARIS RS D
89901187,GLACE PLASTIQUE YARIS RS G
89901188,GLACE PLASTIQUE YARIS RS D VS
89901189,GLACE PLASTIQUE YARIS RS G VS
89901345,GLACE G 345W HG CNV COND
89901346,GLACE D 345W HG CNV COND
89901933,GLACE D T5 307
89901934,GLACE G T5 307
89901991,GLACE D U65
89901992,GLACE G U65
89902123,GLACE D COROLLA 278W
89902124,GLACE G COROLLA 278W
89902151,GLACE VERNIE D B84 PH1/MEGANE ZZ5
89902152,GLACE VERNIE G B84 PH1/MEGANE ZZ5
89902771,GLACE VERNIE D 427W
89902772,GLACE VERNIE G 427W
90000937,GLACE VERNIE G PEK4413
90005568,GLACE VERNIE D PEK4413
89392277,GLACE VERNIE J77PH2 G
89392278,GLACE VERNIE J77PH2 D
89391565,GLACE X83PH2 G VERNIE
89391566,GLACE X83PH2 D VERNIE
T108973X,GLACE AIXAM RS8 G VERNIE
T108975H,GLACE AIXAM RS8 D VERNIE
89029274,GLACE D H7 VERNIE JAGX350
89029272,GLACE G H7 VERNIE JAGX350
89025055,GLACE DD1S VERNIE JAG350
89025054,GLACE GD1S VERNIE JAGX350
